X Position [ppos],Y Position [ppos],Calibration [nW/(pstr/sec)],Calibration Sigma [nW/(pstr/sec)]
285.0774456571344,996.0593405932386,0.7228988,0.003231563417823361
269.8729764781029,1138.215687208644,0.7850888,0.004437296183552927
258.9628029538744,1055.4244810348118,0.69271684,0.0035890544666598526
